date,orders,units,revenue,freight_value,avg_review_score,on_time_rate
2016-09-04,1,2,72.89,63.34,1.0,0
2016-09-05,1,1,59.50,15.56,1.0,0
2016-09-15,1,3,134.97,8.49,1.0,0.0
2016-10-02,1,1,100.00,9.34,1.0,0
2016-10-03,8,8,463.48,131.66,3.0,1.0
2016-10-04,60,69,9940.96,1354.52,3.754,0.968254
2016-10-05,42,56,8343.25,1302.69,3.574,1.0
2016-10-06,49,58,7960.51,1170.72,3.431,1.0
2016-10-07,45,52,7228.05,907.92,3.388,1.0
2016-10-08,40,45,8441.85,941.52,3.956,1.0
2016-10-09,26,34,3336.99,681.99,3.235,1.0
2016-10-10,37,40,3692.57,800.82,3.949,0.972973
2016-12-23,1,1,10.90,8.72,5.0,1.0
2017-01-05,32,32,396.90,310.37,4.906,1.0
2017-01-06,4,4,916.38,71.90,4.75,1.0
2017-01-07,4,5,1351.90,96.09,2.6,0.8
2017-01-08,6,6,709.58,100.05,3.333,1.0
2017-01-09,5,6,673.79,100.72,3.0,0.5
2017-01-10,6,6,1434.87,136.30,3.5,1.0
2017-01-11,12,12,2776.16,286.17,3.833,1.0
2017-01-12,13,15,2234.58,268.11,3.733,0.857143
2017-01-13,11,11,2505.58,275.14,4.3,1.0
2017-01-14,18,18,1112.69,386.88,3.588,0.9375
2017-01-15,14,21,2199.57,351.77,4.143,1.0
2017-01-16,19,24,3307.92,400.48,4.227,1.0
2017-01-17,32,37,3302.53,591.08,4.284,1.0
2017-01-18,33,35,4032.36,651.02,3.812,0.96875
2017-01-19,29,35,3553.95,586.21,4.2,0.971429
2017-01-20,28,39,4035.83,620.22,4.462,1.0
2017-01-21,24,36,2458.60,636.17,3.417,1.0
2017-01-22,30,33,3619.27,522.60,4.091,1.0
2017-01-23,39,54,6581.47,972.42,3.407,0.941176
2017-01-24,40,44,5955.17,828.36,4.341,1.0
2017-01-25,62,69,8977.23,1362.98,3.754,0.984127
2017-01-26,85,100,13157.66,1953.97,4.26,0.948454
2017-01-27,61,76,11432.95,1323.20,4.105,1.0
2017-01-28,29,30,5211.01,672.00,4.033,1.0
2017-01-29,35,47,6457.66,703.00,4.298,0.954545
2017-01-30,51,75,10801.13,1097.00,4.151,1.0
2017-01-31,67,85,11116.13,1571.41,4.096,0.925
2017-02-01,67,70,8219.75,1350.74,4.029,0.984375
2017-02-02,68,75,8917.64,1557.66,4.36,0.959459
2017-02-03,57,62,10183.74,1242.25,3.984,0.965517
2017-02-04,66,72,13968.16,1749.05,4.042,0.957143
2017-02-05,75,83,8503.79,1649.45,4.11,0.987805
2017-02-06,81,88,9539.44,1545.36,4.126,0.964286
2017-02-07,111,127,14143.48,2380.73,4.26,0.98374
2017-02-08,90,99,11958.27,2068.67,4.283,0.98913
2017-02-09,77,82,9190.29,1653.88,4.037,0.948718
2017-02-10,66,74,14222.64,1445.36,4.203,0.971429
2017-02-11,45,51,4307.56,925.59,4.353,0.960784
2017-02-12,63,66,15126.15,1520.18,4.2,0.984375
2017-02-13,76,88,10785.15,2100.72,3.795,0.988372
2017-02-14,71,80,12694.11,1648.89,4.025,0.973333
2017-02-15,60,63,6770.15,1261.37,4.097,1.0
2017-02-16,52,57,6348.04,1107.24,4.158,0.981481
2017-02-17,45,56,6801.26,1257.95,3.857,0.964286
2017-02-18,52,63,7297.33,1153.81,4.355,0.984127
2017-02-19,40,44,3797.90,679.75,3.477,1.0
2017-02-20,63,72,7878.30,1279.00,3.859,0.895522
2017-02-21,41,47,8285.64,1047.82,3.783,0.97561
2017-02-22,61,68,8033.05,1299.16,3.735,0.965517
2017-02-23,59,73,6940.82,1628.80,4.068,0.971429
2017-02-24,62,73,6682.21,1216.54,4.278,0.957143
2017-02-25,42,46,4196.59,815.72,3.696,1.0
2017-02-26,45,52,5446.68,1049.78,3.519,0.857143
2017-02-27,43,53,5844.12,987.17,4.212,0.921569
2017-02-28,55,67,11220.76,1354.96,3.851,0.938462
2017-03-01,95,113,12555.41,2099.28,4.097,0.963964
2017-03-02,68,76,11377.00,1506.06,4.203,0.931507
2017-03-03,72,80,12364.44,1554.70,4.125,0.95
2017-03-04,77,86,12658.51,1932.03,3.977,0.935065
2017-03-05,72,82,6954.62,1495.69,4.333,0.935065
2017-03-06,99,114,10336.64,2084.67,4.053,0.954128
2017-03-07,81,98,11883.52,1847.12,4.133,0.947368
2017-03-08,78,88,14612.46,1975.98,4.0,0.950617
2017-03-09,92,114,11705.54,2099.07,3.991,0.909091
2017-03-10,88,99,12358.87,2160.05,4.202,0.978947
2017-03-11,71,80,10852.97,1632.45,3.911,0.974026
2017-03-12,64,71,6612.16,1241.02,4.188,0.971429
2017-03-13,111,118,16958.05,2348.01,3.912,0.917431
2017-03-14,99,114,14243.66,2299.32,3.956,0.954545
2017-03-15,107,121,14999.33,2216.60,4.117,0.930435
2017-03-16,103,127,14269.78,2379.97,3.819,0.887097
2017-03-17,65,79,11970.40,1640.88,4.101,0.935897
2017-03-18,73,77,16433.82,1504.67,4.117,0.972973
2017-03-19,56,59,6649.34,1078.74,4.175,0.983051
2017-03-20,116,127,17096.49,2510.81,4.16,0.927419
2017-03-21,93,105,11349.13,1887.59,3.971,0.970874
2017-03-22,105,122,14188.97,2201.17,4.103,0.958678
2017-03-23,111,134,16375.55,2420.38,4.15,0.960938
2017-03-24,77,85,10177.87,1492.58,4.0,0.939759
2017-03-25,75,85,9423.04,1641.23,3.824,0.914634
2017-03-26,64,69,6320.95,1321.08,4.044,0.882353
2017-03-27,109,120,16356.97,2375.62,4.16,0.957627
2017-03-28,102,116,12373.11,2253.57,4.095,0.945455
2017-03-29,74,85,8660.54,1548.57,4.035,0.951807
2017-03-30,74,83,10025.60,1409.40,4.048,0.962963
2017-03-31,70,73,12199.56,1545.98,4.014,0.916667
2017-04-01,67,69,17697.37,1356.54,4.382,0.955882
2017-04-02,65,78,9129.88,1475.92,4.359,0.987013
2017-04-03,72,87,9156.76,1620.14,4.1,0.948718
2017-04-04,96,109,12301.65,1851.34,4.213,0.93578
2017-04-05,96,102,18902.94,1871.61,4.392,0.919192
2017-04-06,95,110,23168.89,2073.92,3.791,0.96
2017-04-07,85,96,13300.65,1743.07,4.105,0.923913
2017-04-08,66,71,8785.09,1268.49,3.859,0.927536
2017-04-09,73,78,8222.65,1466.76,3.857,0.958904
2017-04-10,87,95,11732.31,1759.79,3.863,0.934783
2017-04-11,77,84,8296.51,1506.07,4.048,0.9375
2017-04-12,63,66,8209.20,1198.74,3.815,0.875
2017-04-13,60,64,9691.43,1522.50,4.143,0.921875
2017-04-14,53,60,8168.66,1363.70,3.8,0.907407
2017-04-15,52,55,8333.94,1057.62,3.964,0.884615
2017-04-16,49,52,5455.96,1058.84,3.942,0.88
2017-04-17,65,68,9416.67,1348.90,3.824,0.901639
2017-04-18,71,84,21286.72,2147.14,4.19,0.928571
2017-04-19,97,112,12103.46,1837.79,3.757,0.87037
2017-04-20,96,115,13373.14,2349.25,3.73,0.869159
2017-04-21,68,77,8457.71,1652.26,3.797,0.92
2017-04-22,83,94,12860.18,2005.23,4.117,0.946237
2017-04-23,86,91,10038.95,1642.37,4.056,0.88764
2017-04-24,115,135,15150.03,2561.55,3.791,0.904
2017-04-25,111,123,14671.74,2495.92,4.107,0.898305
2017-04-26,125,143,15919.75,2776.34,4.014,0.919118
2017-04-27,79,101,10300.71,2090.18,4.218,1.0
2017-04-28,98,108,15790.49,2272.80,3.972,0.913462
2017-04-29,73,86,11912.63,1774.39,3.919,0.975904
2017-04-30,68,71,8091.16,1345.84,4.127,0.956522
2017-05-01,116,131,12580.27,2216.50,3.969,0.944444
2017-05-02,125,136,17640.20,2667.57,4.126,0.93985
2017-05-03,102,111,10053.56,2082.82,4.153,0.927273
2017-05-04,108,122,13508.55,2305.41,4.289,0.983471
2017-05-05,110,123,13969.76,2372.75,3.902,0.982906
2017-05-06,107,127,16219.98,2372.82,4.254,0.98374
2017-05-07,109,120,17167.87,2556.55,4.034,0.981818
2017-05-08,122,143,16148.41,2874.25,4.387,0.95
2017-05-09,125,154,20837.05,3049.07,4.227,0.95302
2017-05-10,115,124,20927.49,2322.41,4.198,0.923077
2017-05-11,126,138,18164.55,3017.70,4.163,0.941176
2017-05-12,113,123,12635.71,2467.85,3.926,0.921053
2017-05-13,73,81,9118.65,1547.74,3.741,0.972973
2017-05-14,112,129,15219.70,2321.22,4.141,0.928
2017-05-15,154,171,17962.03,3458.94,3.947,0.96988
2017-05-16,151,172,21174.88,3189.82,4.097,0.976471
2017-05-17,141,157,18343.93,3052.40,4.295,0.967532
2017-05-18,125,140,18245.13,2611.38,3.914,0.964029
2017-05-19,144,168,18397.67,3120.01,4.025,0.963415
2017-05-20,72,80,10632.41,1722.06,4.128,0.974359
2017-05-21,148,164,17426.20,2942.33,4.291,0.981366
2017-05-22,148,167,25414.20,3492.40,4.138,0.981707
2017-05-23,125,146,17798.38,2818.68,3.958,0.948529
2017-05-24,141,159,23350.97,3244.34,4.236,0.955414
2017-05-25,105,120,15383.79,2402.90,4.342,0.947368
2017-05-26,78,93,10651.18,1844.14,4.097,0.978261
2017-05-27,81,93,14139.51,1917.88,4.253,0.955056
2017-05-28,98,106,9262.62,1844.62,4.41,0.981132
2017-05-29,158,178,18912.86,3114.66,4.017,0.982456
2017-05-30,102,118,14345.48,2335.59,4.271,0.973684
2017-05-31,126,142,20438.15,2833.00,4.282,0.977612
2017-06-01,124,136,19305.25,2457.08,3.933,0.977778
2017-06-02,126,135,19131.33,2472.64,4.185,0.962121
2017-06-03,89,101,10450.35,1815.09,4.021,0.95
2017-06-04,101,106,13863.23,2035.25,4.387,0.971154
2017-06-05,146,163,24184.55,2833.61,4.025,0.968553
2017-06-06,133,156,14589.15,2718.84,4.059,0.972603
2017-06-07,124,132,12771.66,2626.01,4.183,0.953846
2017-06-08,137,151,18503.08,3597.37,4.205,0.97973
2017-06-09,106,127,16051.35,2538.48,4.157,0.992063
2017-06-10,76,83,8220.35,1586.83,3.951,1.0
2017-06-11,113,126,14303.56,2305.87,4.304,0.959677
2017-06-12,125,149,14803.11,2487.66,4.088,0.924138
2017-06-13,125,141,14016.09,2563.36,4.199,0.977941
2017-06-14,130,147,20441.67,2931.92,4.01,0.924138
2017-06-15,107,120,12737.67,2179.14,4.008,0.948276
2017-06-16,97,105,12908.23,1869.46,4.183,0.941176
2017-06-17,74,84,11264.77,1481.38,3.952,0.939024
2017-06-18,90,101,17836.16,1897.53,4.198,0.989796
2017-06-19,156,179,22764.83,3168.61,4.085,0.948571
2017-06-20,92,107,10968.33,3101.41,3.804,0.971429
2017-06-21,35,38,6183.65,1087.93,4.395,0.945946
2017-06-22,88,98,8826.81,1782.23,4.026,0.946237
2017-06-23,107,117,13282.98,2415.52,4.41,1.0
2017-06-24,76,81,8325.65,1688.05,4.1,0.924051
2017-06-25,105,117,17646.18,3088.16,3.957,0.981132
2017-06-26,72,83,13414.76,1785.56,4.169,0.948718
2017-06-27,140,153,16681.61,2894.35,4.23,0.980392
2017-06-28,120,128,14655.82,2396.03,4.157,0.959677
2017-06-29,110,122,12169.53,2105.51,4.314,0.959016
2017-06-30,93,97,12736.89,2013.56,4.443,0.958763
2017-07-01,80,94,12151.75,1987.25,4.074,0.989011
2017-07-02,105,118,11489.44,2183.29,4.293,0.973913
2017-07-03,117,131,16611.05,2647.06,4.172,0.975806
2017-07-04,123,134,15484.24,2456.40,4.076,0.923664
2017-07-05,140,162,20789.56,3348.65,4.112,0.96875
2017-07-06,148,162,22223.72,3492.59,4.242,0.974026
2017-07-07,117,134,13662.87,2543.99,4.412,0.984733
2017-07-08,83,91,10206.86,1690.21,4.422,1.0
2017-07-09,90,98,8197.38,1878.30,3.969,0.96875
2017-07-10,140,156,17326.93,3070.41,4.324,0.929487
2017-07-11,162,184,20213.79,3656.78,4.246,0.972222
2017-07-12,149,166,19180.22,3263.65,4.006,0.95679
2017-07-13,137,155,14531.00,3455.75,3.955,0.95302
2017-07-14,149,168,18745.15,3088.11,4.102,0.994012
2017-07-15,98,112,10930.56,2197.50,4.176,0.972973
2017-07-16,112,148,13421.60,2583.64,3.683,0.809859
2017-07-17,163,194,21554.98,3808.57,4.117,0.963731
2017-07-18,190,220,28238.20,3948.13,4.068,0.949541
2017-07-19,150,171,16545.34,3165.09,4.158,0.982249
2017-07-20,141,168,19174.08,3236.89,4.217,0.975904
2017-07-21,114,131,13448.85,2336.81,3.924,0.968992
2017-07-22,88,101,11456.81,1861.73,4.094,0.98
2017-07-23,104,107,12117.61,1888.11,4.29,0.990385
2017-07-24,161,180,19662.62,3197.52,4.235,0.954286
2017-07-25,151,171,17482.53,3080.93,3.994,0.963415
2017-07-26,123,146,11265.23,2634.25,4.356,0.978571
2017-07-27,123,138,15693.93,3035.15,4.156,0.970588
2017-07-28,132,153,20043.16,3233.14,4.346,0.979866
2017-07-29,115,130,15964.27,2407.64,3.938,0.959677
2017-07-30,117,130,12944.87,2396.81,4.18,0.992126
2017-07-31,147,166,17272.88,3165.79,4.215,0.962963
2017-08-01,165,185,21745.04,3668.29,4.231,0.961326
2017-08-02,155,172,18147.00,2975.27,4.006,0.975904
2017-08-03,146,166,19125.51,3093.53,4.433,0.969512
2017-08-04,141,161,18361.62,3267.99,4.311,0.974684
2017-08-05,115,126,11946.91,2518.93,4.317,0.983871
2017-08-06,108,122,14181.14,2783.97,4.078,0.957627
2017-08-07,157,182,23257.84,3371.50,4.297,0.967033
2017-08-08,146,159,18661.63,2865.92,4.314,0.955975
2017-08-09,142,161,20756.52,3261.50,4.34,0.987421
2017-08-10,155,179,19961.55,3361.66,4.17,0.965714
2017-08-11,138,164,20039.24,3280.56,4.232,0.981132
2017-08-12,97,108,13980.86,2213.23,4.2,0.970588
2017-08-13,92,109,12334.19,2157.26,4.165,0.981308
2017-08-14,156,176,18156.37,3431.83,4.168,0.982659
2017-08-15,193,210,23727.26,4213.41,4.182,0.975124
2017-08-16,173,207,23950.42,4047.52,4.285,0.955
2017-08-17,155,169,18357.91,3380.04,4.172,0.952096
2017-08-18,146,160,17132.01,2893.86,4.228,0.974194
2017-08-19,108,128,12910.13,2248.77,4.113,0.983607
2017-08-20,103,118,12873.78,2081.39,4.12,0.983051
2017-08-21,177,212,22219.35,3800.37,4.232,0.975845
2017-08-22,136,161,16627.12,3122.35,4.362,0.95
2017-08-23,111,158,15873.61,2720.18,4.152,0.981013
2017-08-24,126,143,13361.11,2621.40,4.19,0.964286
2017-08-25,123,135,15163.32,2240.40,4.104,0.945736
2017-08-26,93,99,10141.69,1912.96,4.204,0.968421
2017-08-27,118,143,13367.88,2927.58,4.115,0.985507
2017-08-28,155,172,22244.52,3452.07,4.304,0.964072
2017-08-29,137,155,33756.48,3269.21,4.184,0.941176
2017-08-30,178,198,30938.16,4026.49,4.358,0.979275
2017-08-31,148,172,20671.51,3023.48,4.193,0.94012
2017-09-01,158,183,28473.13,3977.65,3.997,0.955056
2017-09-02,104,118,18128.66,2350.52,4.508,0.991379
2017-09-03,125,142,27795.41,3155.38,4.408,0.985714
2017-09-04,148,161,24937.98,3447.24,4.275,0.95
2017-09-05,154,181,20981.55,3547.42,3.883,0.983146
2017-09-06,140,157,25624.61,3197.22,4.045,0.916129
2017-09-07,97,104,16893.50,2203.26,4.388,0.961538
2017-09-08,115,133,11883.47,2639.94,4.353,0.953488
2017-09-09,106,119,15082.53,2593.22,4.128,0.974138
2017-09-10,135,152,17810.27,3010.73,4.187,0.912752
2017-09-11,178,193,23376.78,3608.87,4.23,0.947644
2017-09-12,204,244,27136.01,5100.93,3.934,0.9125
2017-09-13,205,228,27593.28,4284.41,4.084,0.915929
2017-09-14,166,198,22557.76,3944.75,3.858,0.917949
2017-09-15,150,165,18373.26,3183.41,4.123,0.943396
2017-09-16,129,137,21147.37,2892.94,4.059,0.902256
2017-09-17,125,136,19979.42,2846.62,4.097,0.926471
2017-09-18,183,218,28487.81,4047.44,4.126,0.892523
2017-09-19,153,179,20057.95,3367.71,3.978,0.87931
2017-09-20,161,187,22102.55,3929.60,4.242,0.951087
2017-09-21,150,176,19015.53,3442.66,4.057,0.982353
2017-09-22,136,153,16255.12,2779.81,4.305,0.98
2017-09-23,85,99,10513.50,1920.29,4.153,1.0
2017-09-24,113,124,13049.75,2467.94,4.375,0.98374
2017-09-25,133,154,17987.10,2957.49,4.124,0.993333
2017-09-26,179,196,21681.90,3559.76,4.403,0.958115
2017-09-27,144,174,20646.92,3436.31,4.133,0.982759
2017-09-28,142,165,23264.52,3084.58,4.133,0.981595
2017-09-29,116,135,30878.56,2825.44,3.922,0.960938
2017-09-30,109,120,12685.49,2193.68,4.0,0.974138
2017-10-01,128,145,18821.27,3088.16,4.072,0.978571
2017-10-02,142,166,21764.65,3413.65,3.946,0.981707
2017-10-03,198,218,26118.57,4270.55,3.986,0.971831
2017-10-04,157,171,21197.70,3589.88,4.284,0.994118
2017-10-05,140,171,25517.52,3612.31,3.669,0.952663
2017-10-06,126,154,17084.67,2913.81,3.877,0.881579
2017-10-07,103,117,15376.02,2372.49,4.06,0.947368
2017-10-08,124,137,16539.01,2885.08,4.277,0.985401
2017-10-09,191,223,30337.79,4651.74,4.109,0.926941
2017-10-10,180,206,28151.13,3814.33,4.129,0.929293
2017-10-11,156,178,22669.37,3247.03,4.032,0.953757
2017-10-12,140,158,18754.23,3447.05,3.962,0.967532
2017-10-13,151,165,22881.19,3524.22,4.116,0.926829
2017-10-14,116,128,13528.82,2656.64,4.15,0.96
2017-10-15,120,137,18751.85,2547.30,4.058,0.962687
2017-10-16,194,226,30580.16,4527.47,4.14,0.940367
2017-10-17,197,259,29675.77,5080.50,4.078,0.912698
2017-10-18,176,223,27257.79,4244.07,4.207,0.973094
2017-10-19,175,195,23223.71,3685.90,3.918,0.958333
2017-10-20,120,131,18626.20,2936.88,4.145,0.96124
2017-10-21,110,124,14982.45,2569.59,4.025,0.974576
2017-10-22,157,182,19786.81,3447.56,3.967,0.943503
2017-10-23,158,189,22278.10,3557.42,3.939,0.966667
2017-10-24,164,193,22071.27,3667.39,4.317,0.947644
2017-10-25,154,171,17507.06,3224.53,4.2,0.976331
2017-10-26,143,179,22573.15,3744.62,3.893,0.931818
2017-10-27,131,156,20377.58,2774.87,4.19,0.922581
2017-10-28,86,97,16483.61,2438.87,4.154,0.978947
2017-10-29,130,160,17267.75,3015.85,4.259,0.949686
2017-10-30,144,169,20221.23,3109.65,4.12,0.888199
2017-10-31,157,194,23813.00,3033.53,3.947,0.932642
2017-11-01,109,127,19383.61,2683.38,4.276,0.952381
2017-11-02,121,145,21263.73,2819.21,3.917,0.950355
2017-11-03,138,169,22844.05,3192.10,3.947,0.952663
2017-11-04,111,135,19169.07,3125.74,4.097,0.96124
2017-11-05,141,162,17327.44,3574.51,4.012,0.974684
2017-11-06,190,209,28600.29,4549.32,3.985,0.935323
2017-11-07,157,177,20829.71,3781.01,4.062,0.931034
2017-11-08,174,199,19240.51,4022.37,3.99,0.927835
2017-11-09,188,223,25053.34,3848.30,3.941,0.967593
2017-11-10,164,193,20223.84,3379.73,3.859,0.907104
2017-11-11,155,175,23292.07,3378.87,4.093,0.940476
2017-11-12,172,186,23087.26,3442.05,4.059,0.940217
2017-11-13,202,235,24391.97,4942.27,4.019,0.903509
2017-11-14,189,222,27049.68,4307.19,3.883,0.891509
2017-11-15,185,216,23711.29,3834.96,3.934,0.927536
2017-11-16,224,257,28268.82,4649.27,4.152,0.907631
2017-11-17,189,225,29209.07,4983.10,3.896,0.909502
2017-11-18,146,171,23233.30,3972.08,3.915,0.891566
2017-11-19,158,176,19955.56,3357.05,4.29,0.908571
2017-11-20,226,262,44284.47,5781.40,3.833,0.865613
2017-11-21,226,258,34316.64,4959.53,4.027,0.807087
2017-11-22,198,239,24962.57,4988.59,3.895,0.874459
2017-11-23,277,336,44712.88,6786.58,3.808,0.858896
2017-11-24,1166,1366,152653.74,25723.89,3.634,0.806691
2017-11-25,498,580,60923.48,10934.68,3.58,0.771529
2017-11-26,388,456,45315.28,8279.92,3.703,0.788889
2017-11-27,400,474,47923.66,8721.19,3.644,0.797441
2017-11-28,376,431,47886.55,8361.92,3.822,0.803279
2017-11-29,319,366,39834.75,7196.84,3.722,0.805014
2017-11-30,264,295,31322.74,5295.35,3.96,0.896907
2017-12-01,274,312,39981.91,5991.91,3.79,0.868852
2017-12-02,214,235,31208.13,4505.05,3.804,0.879828
2017-12-03,231,261,29262.92,4944.50,3.781,0.883268
2017-12-04,331,369,47348.52,6911.60,3.951,0.855556
2017-12-05,275,323,33632.37,5928.05,3.866,0.899054
2017-12-06,273,314,39198.74,6291.48,4.07,0.880645
2017-12-07,226,257,28055.78,4865.10,3.86,0.877953
2017-12-08,215,237,29847.46,4514.76,3.859,0.875
2017-12-09,155,170,20027.04,3612.48,3.958,0.91716
2017-12-10,187,205,24695.79,3921.49,3.99,0.925743
2017-12-11,267,296,33990.39,5425.04,3.979,0.934708
2017-12-12,258,295,33468.71,5088.67,3.839,0.909408
2017-12-13,218,262,29601.28,4781.35,3.828,0.957364
2017-12-14,199,215,25286.23,4294.64,3.868,0.938389
2017-12-15,192,208,27382.20,4069.43,3.942,0.94
2017-12-16,131,144,20296.28,2610.78,4.05,0.943662
2017-12-17,133,151,19312.41,2793.59,3.98,0.972973
2017-12-18,208,233,29162.11,4648.50,4.086,0.933628
2017-12-19,174,201,20615.99,3512.30,4.171,0.905
2017-12-20,171,196,27958.53,4046.14,3.977,0.943005
2017-12-21,143,156,18572.22,2960.73,4.032,0.941176
2017-12-22,110,127,14935.30,2272.74,3.969,0.96
2017-12-23,107,119,12875.05,2482.04,3.983,0.883929
2017-12-24,59,62,5759.01,1201.78,4.098,0.983051
2017-12-25,90,101,10381.34,2280.89,4.071,0.927083
2017-12-26,168,181,20549.43,3238.31,4.182,0.97191
2017-12-27,166,184,17700.40,3327.11,4.235,0.978022
2017-12-28,146,157,15037.49,2744.56,4.156,0.948052
2017-12-29,133,151,16042.72,2722.93,4.207,0.973333
2017-12-30,96,108,13042.65,2146.84,3.953,0.972222
2017-12-31,74,78,8685.77,1498.27,4.026,0.986667
2018-01-01,73,81,6948.21,1443.71,3.901,0.95
2018-01-02,203,233,25315.00,4095.51,3.965,0.97807
2018-01-03,222,247,31886.72,4859.36,4.059,0.963115
2018-01-04,255,278,34839.44,5076.72,4.054,0.944649
2018-01-05,209,244,27720.39,4506.97,3.942,0.956897
2018-01-06,215,258,27609.67,4971.61,3.799,0.976562
2018-01-07,195,220,29433.01,4485.11,4.114,0.97235
2018-01-08,292,334,38714.40,6454.25,3.965,0.960366
2018-01-09,251,272,30248.91,5152.42,4.085,0.955056
2018-01-10,277,317,38479.53,6341.39,3.936,0.942122
2018-01-11,264,305,40056.96,6275.54,3.941,0.963455
2018-01-12,239,284,30988.94,5944.03,3.863,0.956835
2018-01-13,216,240,28091.91,4587.92,4.202,0.974249
2018-01-14,232,252,30962.53,4426.30,4.008,0.926829
2018-01-15,305,340,38330.30,6648.43,4.003,0.951662
2018-01-16,301,362,44237.17,6856.80,3.787,0.898876
2018-01-17,282,300,36089.22,6052.31,4.084,0.935593
2018-01-18,238,274,27774.77,4984.62,4.007,0.926471
2018-01-19,232,263,29954.78,5310.05,3.772,0.925781
2018-01-20,184,208,22381.68,4569.65,4.174,0.898058
2018-01-21,194,213,23829.83,4063.96,3.847,0.913043
2018-01-22,310,353,37137.64,6257.47,3.818,0.919308
2018-01-23,262,300,34746.17,5547.00,4.101,0.894558
2018-01-24,243,271,31700.17,5199.19,3.854,0.851711
2018-01-25,232,265,29634.42,5054.86,3.958,0.94186
2018-01-26,228,265,33995.00,5266.30,3.83,0.919231
2018-01-27,153,175,22031.08,3071.69,3.776,0.936047
2018-01-28,155,168,24100.75,3406.47,4.127,0.962963
2018-01-29,246,289,30481.32,5540.14,3.757,0.879859
2018-01-30,257,313,29588.85,5773.88,3.774,0.884488
2018-01-31,255,284,32721.59,5047.87,4.164,0.957143
2018-02-01,232,268,30362.15,5374.59,4.056,0.942966
2018-02-02,212,256,27731.60,4785.90,3.785,0.908
2018-02-03,193,209,23448.66,4121.96,4.18,0.965854
2018-02-04,201,222,23989.79,4226.69,4.027,0.949309
2018-02-05,271,313,37360.84,5836.12,3.971,0.918567
2018-02-06,267,300,34119.38,5727.34,3.795,0.938983
2018-02-07,246,283,31306.23,5026.10,4.011,0.942652
2018-02-08,229,254,27314.73,4498.30,3.859,0.888
2018-02-09,211,229,30743.07,4166.06,4.046,0.862832
2018-02-10,176,195,21248.16,3773.22,3.933,0.891192
2018-02-11,170,188,22504.98,3438.99,3.473,0.846154
2018-02-12,215,250,23310.73,4298.80,3.664,0.823293
2018-02-13,222,263,23638.34,4486.77,3.772,0.891473
2018-02-14,294,345,37079.65,6259.50,3.993,0.872404
2018-02-15,281,316,32279.91,5660.36,3.709,0.855263
2018-02-16,212,245,26894.99,4779.14,3.631,0.851852
2018-02-17,202,224,24952.76,4461.73,3.814,0.859091
2018-02-18,202,234,24592.43,4469.46,3.746,0.818182
2018-02-19,259,295,28190.63,5545.32,3.873,0.815331
2018-02-20,288,315,36568.57,5965.19,3.803,0.86129
2018-02-21,265,310,32401.69,5525.27,3.607,0.773333
2018-02-22,278,362,32718.71,5972.23,3.309,0.789625
2018-02-23,235,260,28424.70,4648.26,3.696,0.793774
2018-02-24,190,209,24263.51,4034.95,3.678,0.73913
2018-02-25,237,269,29203.77,5727.12,3.424,0.737643
2018-02-26,296,334,43750.96,6361.12,3.357,0.710366
2018-02-27,298,366,40267.20,6809.78,3.379,0.750693
2018-02-28,312,358,45510.57,6749.98,3.524,0.730659
2018-03-01,275,316,39651.51,6537.74,3.399,0.731392
2018-03-02,265,303,31776.46,5597.07,3.493,0.686667
2018-03-03,212,230,26394.97,4972.16,3.601,0.689189
2018-03-04,235,250,32441.90,4909.09,3.544,0.720165
2018-03-05,262,316,38323.07,7061.40,3.317,0.699346
2018-03-06,271,305,39173.99,6797.26,3.47,0.688742
2018-03-07,258,289,36137.89,6333.27,3.539,0.705263
2018-03-08,234,273,28156.39,5685.73,3.581,0.754717
2018-03-09,203,229,28405.44,5311.07,3.485,0.784753
2018-03-10,192,214,26203.91,4597.23,3.493,0.745098
2018-03-11,218,239,31320.43,5297.92,3.601,0.75
2018-03-12,232,259,30644.66,5286.25,3.655,0.704724
2018-03-13,227,270,36074.24,6105.37,3.604,0.771318
2018-03-14,198,235,23528.79,4795.05,3.689,0.779221
2018-03-15,286,327,44311.46,7132.60,3.645,0.772436
2018-03-16,252,290,32832.19,5927.82,3.361,0.810036
2018-03-17,180,191,20078.50,3918.36,3.764,0.807487
2018-03-18,215,232,31119.33,4957.05,4.026,0.850877
2018-03-19,302,366,44645.19,7936.56,3.695,0.778711
2018-03-20,297,348,35749.47,7138.45,3.864,0.862974
2018-03-21,285,315,39714.43,6719.53,4.061,0.892508
2018-03-22,254,296,31119.41,5870.38,3.762,0.882759
2018-03-23,219,256,29621.24,5016.92,3.953,0.934694
2018-03-24,165,189,23787.77,3923.65,3.862,0.882353
2018-03-25,190,226,25557.29,4635.50,3.831,0.852679
2018-03-26,271,320,35779.01,6176.67,3.972,0.863057
2018-03-27,245,289,34732.56,5897.64,4.161,0.869258
2018-03-28,219,242,29713.34,4703.32,3.893,0.875
2018-03-29,194,224,28926.73,4635.94,3.673,0.862385
2018-03-30,165,185,22088.14,4186.94,3.891,0.885246
2018-03-31,167,193,25203.73,3849.44,3.849,0.842105
2018-04-01,207,232,29396.66,4792.34,3.681,0.911504
2018-04-02,281,332,40279.10,7689.23,4.083,0.864615
2018-04-03,246,279,36246.51,5824.00,4.09,0.905455
2018-04-04,257,287,37982.73,5585.09,3.976,0.93617
2018-04-05,266,298,36058.79,6160.01,4.21,0.955479
2018-04-06,189,213,27784.74,4500.60,3.873,0.965854
2018-04-07,164,184,25517.38,3497.49,3.916,0.949721
2018-04-08,185,207,23463.85,4413.83,3.923,0.936585
2018-04-09,253,290,49308.73,6474.09,4.307,0.958188
2018-04-10,201,231,27870.56,4664.70,3.923,0.955752
2018-04-11,274,310,40782.96,6421.50,3.99,0.962838
2018-04-12,255,298,34117.58,5827.81,4.134,0.966216
2018-04-13,202,242,31150.36,5290.17,4.079,0.965957
2018-04-14,146,172,18845.70,3552.17,3.895,0.953216
2018-04-15,223,264,30524.04,6034.15,3.973,0.973077
2018-04-16,280,320,40412.26,6947.22,4.119,0.958861
2018-04-17,265,311,36682.97,5929.82,4.175,0.960526
2018-04-18,280,315,39472.71,6823.02,4.013,0.931373
2018-04-19,292,355,43287.21,6585.04,4.13,0.959885
2018-04-20,196,229,28353.84,4312.64,4.039,0.977778
2018-04-21,156,169,18966.34,3499.55,4.107,0.964072
2018-04-22,200,233,27350.90,4640.91,4.047,0.974138
2018-04-23,285,329,37674.27,6689.03,4.122,0.957055
2018-04-24,271,311,43083.77,6821.28,4.078,0.980328
2018-04-25,284,321,40995.02,6361.45,4.206,0.958861
2018-04-26,254,294,31631.36,5281.41,4.246,0.958478
2018-04-27,242,285,40752.54,6010.53,4.187,0.953571
2018-04-28,169,191,23560.56,3417.96,4.054,0.952128
2018-04-29,171,188,19411.70,3649.25,3.989,0.945652
2018-04-30,240,285,35682.61,5354.00,4.301,0.982143
2018-05-01,255,277,33163.80,5277.88,4.152,0.967153
2018-05-02,295,339,38557.72,6206.60,4.307,0.939577
2018-05-03,304,357,42497.77,7077.95,4.24,0.96034
2018-05-04,265,309,39730.93,5763.17,4.191,0.970588
2018-05-05,197,221,28306.45,4301.70,3.986,0.949074
2018-05-06,210,240,28565.97,4428.26,3.941,0.965957
2018-05-07,371,421,54167.48,8292.73,4.175,0.93643
2018-05-08,327,378,47800.69,6919.40,4.237,0.941176
2018-05-09,342,392,43589.12,7379.52,4.123,0.924675
2018-05-10,279,335,51458.67,7413.22,4.117,0.929878
2018-05-11,246,284,37859.19,5390.82,4.107,0.893617
2018-05-12,204,239,29604.14,5108.23,4.013,0.940171
2018-05-13,206,246,31313.52,4888.77,4.093,0.946939
2018-05-14,364,413,53842.38,8388.34,4.097,0.873762
2018-05-15,352,423,41119.85,8386.17,4.11,0.844869
2018-05-16,357,406,56283.73,8455.36,4.124,0.8175
2018-05-17,227,256,31488.47,4478.26,4.063,0.802372
2018-05-18,236,277,31621.52,4808.26,3.998,0.860806
2018-05-19,139,169,25201.29,3118.44,4.089,0.874251
2018-05-20,161,192,19586.54,3499.58,3.792,0.787234
2018-05-21,204,239,25404.06,4261.91,4.043,0.871795
2018-05-22,199,232,27793.91,4276.77,4.03,0.915929
2018-05-23,132,150,17501.05,2761.24,4.24,0.973333
2018-05-24,114,130,20073.26,2201.41,4.406,0.984496
2018-05-25,103,128,15888.92,2248.45,4.305,0.992188
2018-05-26,99,116,14799.17,2114.92,4.2,0.991379
2018-05-27,100,112,12523.25,2170.43,4.089,1.0
2018-05-28,143,170,26877.47,3427.48,4.3,1.0
2018-05-29,149,173,25572.08,3858.55,4.249,1.0
2018-05-30,140,155,19214.00,3315.08,4.214,1.0
2018-05-31,133,146,25111.28,3045.24,4.253,0.993103
2018-06-01,184,211,32298.92,4983.75,4.038,0.990521
2018-06-02,142,158,25266.62,3673.37,4.114,0.993631
2018-06-03,191,217,28461.66,4408.24,4.263,1.0
2018-06-04,225,258,28622.40,5704.00,4.244,1.0
2018-06-05,197,240,30709.36,5392.36,4.058,0.991632
2018-06-06,227,277,26134.40,6042.58,3.751,0.98917
2018-06-07,223,251,37020.40,5655.98,3.879,0.996016
2018-06-08,198,234,26870.41,4926.79,3.863,0.965368
2018-06-09,172,192,29325.08,4708.69,4.199,0.989418
2018-06-10,193,224,25501.97,4786.28,3.955,0.9819
2018-06-11,294,338,49669.70,7643.58,4.31,0.967456
2018-06-12,246,288,40369.00,6393.43,4.108,0.933333
2018-06-13,259,305,34616.96,6969.67,4.193,0.989967
2018-06-14,212,237,27504.60,5202.61,4.426,0.983051
2018-06-15,186,209,26617.56,4881.20,4.23,0.990244
2018-06-16,165,177,24616.05,4384.03,4.227,0.994253
2018-06-17,152,175,17316.33,3435.19,4.429,0.977011
2018-06-18,246,279,34718.30,6305.10,4.509,0.992754
2018-06-19,231,261,34630.33,5383.27,4.387,0.984496
2018-06-20,217,251,28793.99,5536.28,4.223,0.996
2018-06-21,234,264,27703.58,5598.41,4.119,0.980843
2018-06-22,179,206,24807.27,3945.89,4.33,0.995098
2018-06-23,151,172,17501.92,3679.19,4.129,0.982353
2018-06-24,199,218,24432.60,5065.98,4.373,0.986175
2018-06-25,240,281,36135.52,5744.40,4.247,0.989209
2018-06-26,242,292,30957.57,6658.97,4.124,1.0
2018-06-27,214,243,26496.48,6009.45,4.425,0.987654
2018-06-28,243,284,32171.97,6567.08,4.164,0.989286
2018-06-29,174,197,20473.48,4625.21,4.128,0.989691
2018-06-30,124,139,15379.88,3241.82,4.209,1.0
2018-07-01,161,186,24369.47,4691.23,4.22,0.983696
2018-07-02,195,217,23158.62,6263.81,4.481,0.995349
2018-07-03,216,239,26307.31,5147.29,4.418,0.978903
2018-07-04,256,290,35651.65,5928.15,4.333,0.989474
2018-07-05,195,221,28809.33,5140.15,4.036,0.977169
2018-07-06,121,130,19005.54,3103.13,4.372,0.984496
2018-07-07,91,101,9076.56,2200.68,4.485,1.0
2018-07-08,122,147,14410.79,3143.95,3.972,0.978723
2018-07-09,148,158,19564.85,3557.32,4.303,0.948718
2018-07-10,132,151,18724.57,3522.20,4.087,0.939189
2018-07-11,127,145,18519.98,3620.64,3.972,0.929078
2018-07-12,121,128,28891.77,3677.94,3.961,0.894309
2018-07-13,167,190,27644.23,4885.17,4.154,0.978947
2018-07-14,148,160,22257.69,4169.33,4.334,0.928571
2018-07-15,152,167,30037.49,4451.91,4.018,0.95092
2018-07-16,245,264,31308.29,6469.84,4.205,0.914397
2018-07-17,221,244,30421.48,5336.93,4.174,0.941423
2018-07-18,305,340,41193.49,7790.66,4.478,0.967359
2018-07-19,253,287,38705.58,6205.66,4.078,0.982332
2018-07-20,249,287,32031.44,6030.41,4.13,0.964912
2018-07-21,187,208,21113.58,4388.50,4.444,0.97561
2018-07-22,215,243,27753.42,5208.84,4.284,0.974684
2018-07-23,305,347,39911.22,8064.40,4.269,0.937685
2018-07-24,270,303,41525.76,6557.68,4.287,0.96633
2018-07-25,268,327,40417.50,7495.09,4.181,0.974922
2018-07-26,247,286,35292.72,6492.00,4.309,0.971731
2018-07-27,189,216,28371.75,4959.38,4.167,0.976526
2018-07-28,175,210,25210.12,4855.00,4.238,0.985507
2018-07-29,188,211,31434.08,5034.20,4.248,0.902439
2018-07-30,284,312,39070.66,6743.36,4.145,0.885621
2018-07-31,320,377,45316.28,8085.96,4.112,0.894309
2018-08-01,310,347,40553.80,7877.23,4.029,0.851312
2018-08-02,299,336,38462.26,7163.40,4.027,0.843558
2018-08-03,314,347,42075.18,7442.40,3.983,0.844575
2018-08-04,245,274,35511.96,5715.84,4.117,0.901887
2018-08-05,276,312,35583.76,6688.31,4.235,0.829508
2018-08-06,372,430,56427.39,9433.03,4.165,0.817102
2018-08-07,366,431,49178.98,9115.40,3.949,0.808153
2018-08-08,315,360,43333.07,8027.43,4.159,0.890141
2018-08-09,283,322,40040.28,6694.58,4.255,0.896552
2018-08-10,253,268,33424.73,6160.56,4.131,0.897727
2018-08-11,186,216,25960.93,4604.80,4.204,0.95814
2018-08-12,197,227,31524.21,5215.54,4.185,0.945455
2018-08-13,288,321,38613.13,7263.78,4.417,0.927445
2018-08-14,315,342,44192.84,7278.53,4.196,0.890533
2018-08-15,285,317,45574.04,6784.61,4.268,0.914013
2018-08-16,318,353,35670.61,6546.70,4.26,0.920228
2018-08-17,255,289,31730.67,5908.32,4.358,0.957597
2018-08-18,196,206,24340.95,4357.15,4.346,0.975369
2018-08-19,204,226,25487.39,4479.11,4.442,0.951327
2018-08-20,252,283,34479.50,5372.37,4.387,0.893617
2018-08-21,239,258,26323.06,4507.63,4.415,0.929961
2018-08-22,186,216,20297.13,3965.48,4.398,0.944186
2018-08-23,142,161,17030.87,2509.69,4.36,0.950311
2018-08-24,98,117,9633.61,1679.78,4.085,0.921739
2018-08-25,69,75,10599.41,1138.35,4.4,0.986667
2018-08-26,73,82,8070.71,1262.45,4.329,0.987805
2018-08-27,66,71,5345.91,765.70,4.357,0.915493
2018-08-28,39,45,3673.91,447.31,4.467,0.977778
2018-08-29,11,16,1546.04,216.66,4.375,1.0
2018-09-03,1,1,145.00,21.46,1.0,0
